{"rnn_loss": [0.012579867616295815, 0.003011598950251937, 0.0018537590513005853, 0.0015175336739048362, 0.001262432779185474, 0.001193817239254713, 0.0010057257022708654, 0.0008538131369277835, 0.0008511163759976625, 0.0007287674816325307, 0.0006354008801281452, 0.0005712633719667792, 0.0005728355026803911, 0.0005861566169187427, 0.0004884361987933517, 0.0004992628819309175, 0.0004890940035693347, 0.000401382683776319, 0.0003927585785277188, 0.00039094884414225817, 0.0003810945199802518, 0.00037782074650749564, 0.000370737659977749], "rnn_val_loss": [0.0023398299235850573, 0.004944980144500732, 0.005184862297028303, 0.005863310769200325, 0.0023876477498561144, 0.0025836669374257326, 0.0017511490732431412, 0.002517508575692773, 0.0029899305664002895, 0.00189686706289649, 0.0021916578989475965, 0.002687223954126239, 0.0009409883059561253, 0.0014795406023040414, 0.0020878661889582872, 0.002101132646203041, 0.0029549256432801485, 0.0016846011858433485, 0.002781751798465848, 0.0011600223369896412, 0.0013657251838594675, 0.0013016961747780442, 0.0014347319956868887], "lstm_loss": [0.006676284596323967, 0.0008675392018631101, 0.0007121119415387511, 0.0006039708969183266, 0.0005600202130153775, 0.0005115092499181628, 0.0004708607157226652, 0.00041440987843088806, 0.00039842468686401844, 0.0003537017328198999, 0.00031729580950923264, 0.000338537065545097, 0.0003111185214947909, 0.00031641896930523217, 0.0002893106429837644, 0.0002766826073639095, 0.0002762186632025987, 0.0002599873987492174, 0.00024702155496925116, 0.00025768877821974456, 0.00022946328681427985, 0.00023158475232776254, 0.0002557756379246712, 0.00022586948762182146, 0.0002135789836756885, 0.00021988504158798605, 0.00022370211081579328, 0.00019733631052076817, 0.00020949484314769506, 0.00020470547315198928, 0.0002051038172794506, 0.00020479195518419147, 0.0001953694154508412, 0.00019296906248200685, 0.00018938413995783776, 0.0001929640129674226, 0.00019690368208102882, 0.00019287467875983566, 0.0001623464486328885, 0.00017042213585227728, 0.0001717677223496139, 0.0001629468606552109, 0.00017671287059783936, 0.0001615707587916404, 0.0001586053695064038, 0.0001776151912054047, 0.00016313539526890963, 0.00015446472389157861, 0.000154481444042176, 0.00015457256813533604, 0.00015862130385357887, 0.0001454896409995854, 0.00013680742995347828, 0.00016418252198491246, 0.00015114359848666936, 0.00014606135664507747, 0.00015551637625321746, 0.00015829554467927665, 0.00013602801482193172, 0.00016260231495834887, 0.00015966552018653601, 0.00014386446855496615, 0.00014472249313257635, 0.00012769903696607798, 0.0001328259240835905, 0.00013269318151287735], "lstm_val_loss": [0.0005082245334051549, 0.0004857376916334033, 0.0005149208009243011, 0.000494323146995157, 0.0015435970854014158, 0.000943231803830713, 0.0011421134695410728, 0.0010386938229203224, 0.0008148733759298921, 0.0010657337261363864, 0.00046723432024009526, 0.0012758492957800627, 0.0010552452877163887, 0.0011781234061345458, 0.0010392045369371772, 0.0005743282963521779, 0.000974325172137469, 0.0005717965541407466, 0.0008308336837217212, 0.0004592573968693614, 0.0005221447208896279, 0.0005612859968096018, 0.0006485942285507917, 0.00046108377864584327, 0.0006193956360220909, 0.0005062202690169215, 0.0006571204867213964, 0.0003950646205339581, 0.0005689006065949798, 0.0004516367334872484, 0.00048764742678031325, 0.0005098755937069654, 0.0006259747897274792, 0.0007785183261148632, 0.0004043101507704705, 0.00042431356268934906, 0.00030796779901720583, 0.0004611484182532877, 0.00033973786048591137, 0.00029124258435331285, 0.0004191210609860718, 0.0005698539898730814, 0.00028455324354581535, 0.00034028710797429085, 0.0003106935473624617, 0.0004550134181044996, 0.00033524935133755207, 0.0005619010771624744, 0.0004545781994238496, 0.0003452325181569904, 0.00028246003785170615, 0.0004643454449251294, 0.00032804306829348207, 0.0003309844178147614, 0.0004655734810512513, 0.00025633315090090036, 0.00034687627339735627, 0.00036210945108905435, 0.0006188732222653925, 0.0008549908525310457, 0.00031109940027818084, 0.0003681717498693615, 0.00029049234581179917, 0.0002839153748936951, 0.0004104984982404858, 0.0005019598756916821]}